Workbook

Sheet Intake
A1: Pacfa ID | B1: Name | C1: Address | D1: City | E1: State | F1: Zip | G1: Dogs Beg. Inven. | H1: Dogs Stray | I1: Dogs Owner Surr./Adop Ret. | J1: Dogs Confiscate/Protec. Cust. | K1: Dogs Trans. In from in state | L1: Dogs Trans. In from out of state | M1: Dogs Other | N1: Dogs Total Intake | O1: Cats Beg. Inven. | P1: Cats Stray | Q1: Cats Owner Surr./Adop Ret. | R1: Cats Confiscate/Protec. Cust. | S1: Cats Trans. In from in state | T1: Cats Trans. In from out of state | U1: Cats Other | V1: Cats Total Intake | W1: Small Mammals Beg. Inven. | X1: Small Mammals Stray | Y1: Small Mammals Owner Surr./Adop Ret. | Z1: Small Mammals Confiscate/Protec. Cust. | AA1: Small Mammals Trans. In from in state | AB1: Small Mammals Trans. In from out of state | AC1: Small Mammals Other | AD1: Small Mammals Total Intake | AE1: Reptiles Beg. Inven. | AF1: Reptiles Stray | AG1: Reptiles Owner Surr./Adop Ret. | AH1: Reptiles Confiscate/Protec. Cust. | AI1: Reptiles Trans. In from in state | AJ1: Reptiles Trans. In from out of state | AK1: Reptiles Other | AL1: Reptiles Total Intake | AM1: Pet Birds Beg. Inven. | AN1: Pet Birds Stray | AO1: Pet Birds Owner Surr./Adop Ret. | AP1: Pet Birds Confiscate/Protec. Cust. | AQ1: Pet Birds Trans. In from in state | AR1: Pet Birds Trans. In from out of state | AS1: Pet Birds Other | AT1: Pet Birds Total Intake | AU1: Column1
A2: 6948 | B2: 4 Paws 4 Life Rescue | C2: 3000 S Jamaica Ct, Ste 140 | D2: Aurora | E2: CO | F2: 80014 | G2: 0 | H2: 2 | I2: 4 | J2: 0 | K2: 91 | L2: 443 | N2: 540
A3: 4636 | B3: 4 PAWS RESCUE | C3: 1332 Imperial Dr. | D3: COLORADO SPRINGS | E3: CO | F3: 80918 | G3: 3 | H3: 0 | I3: 22 | J3: 0 | K3: 0 | L3: 0 | M3: 0 | N3: 25
A4: 2540 | B4: 9 LIVES RESCUE | C4: 2159 BROOKWOOD DR. | D4: COLORADO SPRINGS | E4: CO | F4: 80918
A5: 6051 | B5: A Puppy's Voice | C5: 9048 W. 101st Ave. | D5: Westminster | E5: CO | F5: 80021 | G5: 2 | L5: 826 | N5: 828
A6: 6522 | B6: A Soft Place to Land | C6: 1122 W. Myrtle St. | D6: Fort Collins | E6: CO | F6: 80521 | G6: 31 | H6: 0 | I6: 13 | J6: 0 | K6: 8 | L6: 10 | M6: 0 | N6: 31 | O6: 0 | P6: 0 | Q6: 0 | R6: 0 | S6: 0 | T6: 0 | U6: 0 | V6: 0 | X6: 0 | Y6: 0 | Z6: 0 | AA6: 0 | AB6: 0 | AC6: 0 | AD6: 0 | AE6: 0 | AF6: 0 | AG6: 0 | AH6: 0 | AI6: 0 | AJ6: 0 | AK6: 0 | AL6: 0 | AM6: 0 | AN6: 0 | AO6: 0 | AP6: 0 | AQ6: 0 | AR6: 0 | AS6: 0 | AT6: 0
A7: 4184 | B7: ADAMS COUNTY ANIMAL SHELTER & ADOPTION CENTER | C7: 10705 FULTON | D7: BRIGHTON | E7: CO | F7: 80601 | G7: 146 | H7: 2533 | I7: 538 | J7: 175 | K7: 1 | L7: 0 | M7: 376 | N7: 3623 | O7: 220 | P7: 2078 | Q7: 291 | R7: 38 | S7: 1 | T7: 0 | U7: 295 | V7: 2703 | W7: 1 | X7: 30 | Y7: 6 | Z7: 5 | AA7: 5 | AB7: 0 | AC7: 18 | AD7: 64 | AE7: 0 | AF7: 2 | AG7: 1 | AH7: 4 | AI7: 0 | AJ7: 0 | AK7: 0 | AL7: 7 | AM7: 0 | AN7: 6 | AO7: 1 | AP7: 3 | AQ7: 0 | AR7: 0 | AS7: 1 | AT7: 11
A8: 6831 | B8: All Ears Basset Sanctuary | C8: 8625 W. 1st Ave | D8: Lakewood | E8: CO | F8: 80226 | G8: 12 | H8: 0 | I8: 9 | J8: 0 | K8: 17 | L8: 121 | M8: 0 | N8: 159
A9: 6795 | B9: Almost Home Adoptions for Rescued Cats | C9: 6010 W. 88th Ave. | D9: Westminster | E9: CO | F9: 80021 | O9: 111 | P9: 502 | Q9: 60 | V9: 673
A10: 4541 | B10: ANGELS WITH PAWS | C10: 2540 YOUNGFIELD ST. | D10: LAKEWOOD | E10: CO | F10: 80215 | O10: 61 | P10: 153 | Q10: 196 | R10: 0 | S10: 434 | T10: 53 | U10: 12
A11: 1161 | B11: ANIMAL CLINIC OF JULESBURG | C11: 809 W 3RD ST. | D11: JULESBURG | E11: CO | F11: 80737
A12: 5597 | B12: Animal House Pets & Grooming, Inc. | C12: 1104 W. Vine Dr. | D12: FORT COLLINS | E12: CO | F12: 80521 | G12: 58 | H12: 1 | I12: 98 | J12: 0 | K12: 81 | L12: 325 | M12: 0
A13: 4855 | B13: ANIMAL LOVING PEOPLE HELPING ANIMALS (ALPHA) HUMANE | C13: 0086 SO. RD. 1 EAST | D13: MONTE VISTA | E13: CO | F13: 81144
A14: 626 | B14: ANIMAL RESCUE & ADOPTION SOCIETY | C14: 2390 S. DELAWARE | D14: DENVER | E14: CO | F14: 80223 | O14: 63 | P14: 8 | Q14: 263 | R14: 0 | S14: 13 | T14: 0 | U14: 0 | V14: 284
A15: 5937 | B15: Animal Rescue Connection, Inc. | C15: 4095 W. 16th St. Rd | D15: Greeley | E15: CO | F15: 80634 | G15: 0 | N15: 0 | O15: 0 | P15: 88 | Q15: 0 | R15: 0 | S15: 0 | T15: 0 | U15: 0 | V15: 0 | W15: 88 | X15: 13 | Y15: 0 | Z15: 0 | AA15: 0 | AC15: 0 | AD15: 0 | AE15: 0 | AF15: 0 | AG15: 0 | AH15: 0 | AI15: 0 | AJ15: 0 | AK15: 0 | AL15: 0 | AM15: 0 | AN15: 0 | AO15: 0 | AP15: 0 | AQ15: 0 | AR15: 0 | AS15: 0 | AT15: 0
A16: 5667 | B16: Animal Rescue of the Rockies | C16: 0577A Broken Lance | D16: BRECKENRIDGE | E16: CO | F16: 80424 | G16: 145 | H16: 25 | I16: 27 | J16: 0 | K16: 450 | L16: 25 | M16: 0 | N16: 527 | O16: 17 | P16: 11 | Q16: 9 | R16: 0 | S16: 133 | T16: 0 | U16: 0 | V16: 153
A17: 26 | B17: ANIMAL WELFARE & PROTECTION SOCIETY | C17: 3420 W. 8TH ST. | D17: PUEBLO | E17: CO | F17: 81003 | G17: 43 | H17: 310 | I17: 665 | J17: 0 | K17: 13 | L17: 0 | M17: 0 | N17: 988 | O17: 0 | P17: 11 | V17: 11
A18: 3912 | B18: ANNIE'S ORPHANS | C18: 1630 CR 214 | D18: DURANGO | E18: CO | F18: 81303 | G18: 68 | H18: 10 | I18: 32 | K18: 1 | L18: 7 | M18: 25 | N18: 75
A19: 1726 | B19: ARK VALLEY HUMANE SOCIETY | C19: 701 GREGG DR | D19: BUENA VISTA | E19: CO | F19: 81211 | G19: 12 | H19: 144 | I19: 141 | J19: 3 | K19: 96 | L19: 0 | M19: 8 | N19: 392 | O19: 28 | P19: 98 | Q19: 112 | R19: 0 | S19: 128 | T19: 0 | U19: 0 | V19: 338 | W19: 0 | X19: 2 | Y19: 2 | Z19: 0 | AA19: 0 | AB19: 0 | AC19: 0 | AD19: 4 | AE19: 0 | AF19: 0 | AG19: 0 | AH19: 0 | AI19: 0 | AJ19: 0 | AK19: 0 | AL19: 0 | AM19: 0 | AN19: 0 | AO19: 2 | AP19: 0 | AQ19: 0 | AR19: 0 | AS19: 0 | AT19: 0
A20: 6624 | B20: Ark Valley Humane Society dba The Sunshine Shelter | C20: 10128 US Hwy 50 | D20: Poncha Springs | E20: CO | F20: 81242 | G20: 5 | H20: 168 | I20: 37 | J20: 0 | K20: 17 | L20: 0 | M20: 2 | N20: 224 | O20: 46 | P20: 160 | Q20: 116 | R20: 0 | S20: 33 | T20: 0 | U20: 0 | V20: 309 | W20: 0 | X20: 0 | Y20: 0 | Z20: 0 | AA20: 0 | AB20: 0 | AC20: 0 | AD20: 0 | AE20: 0 | AF20: 0 | AG20: 0 | AH20: 0 | AI20: 0 | AJ20: 0 | AK20: 0 | AL20: 0 | AM20: 0 | AN20: 0 | AO20: 0 | AP20: 0 | AQ20: 0 | AR20: 0 | AS20: 0 | AT20: 0
A21: 5332 | B21: ASPEN BOARDING KENNEL & ANIMAL SHELTER | C21: 101 ANIMAL SHELTER RD., SUITE 1 | D21: ASPEN | E21: CO | F21: 81611 | G21: 34 | H21: 105 | I21: 44 | J21: 4 | K21: 32 | L21: 17 | M21: 0 | N21: 236 | O21: 17 | P21: 39 | Q21: 43 | R21: 0 | S21: 1 | T21: 0 | U21: 0 | V21: 100 | W21: 0 | X21: 0 | Y21: 0 | Z21: 0 | AA21: 0 | AB21: 0 | AC21: 0 | AD21: 0 | AE21: 0 | AF21: 1 | AG21: 3 | AH21: 0 | AI21: 0 | AJ21: 0 | AK21: 0 | AL21: 4 | AM21: 0 | AN21: 2 | AO21: 4 | AP21: 0 | AQ21: 0 | AR21: 0 | AS21: 0 | AT21: 6
A22: 4663 | B22: AVON PET CENTRE | C22: 730 NOTTINGHAM RD. | D22: AVON | E22: CO | F22: 81620 | I22: 5
A23: 1759 | B23: BARNWATER CATS | C23: 3131 E EVANS AVE | D23: DENVER | E23: CO | F23: 80210
A24: 1629 | B24: BEAR CREEK ANIMAL HOSPITAL | C24: 2430 E VICTORY WAY | D24: CRAIG | E24: CO | F24: 81625 | H24: 390 | N24: 390 | P24: 196 | V24: 196 | X24: 5 | AD24: 5
A25: 6129 | B25: Best Friends Forever | C25: 6350 Oak St. #206 | D25: Arvada | E25: CO | F25: 80004 | G25: 8 | H25: 0 | I25: 0 | J25: 0 | K25: 11 | L25: 50 | M25: 0 | N25: 61
A26: 2972 | B26: BICHON FRISE GET AWAY & RESCUE RANCH | C26: 1979 CARLSON RD. | D26: PARKER | E26: CO | F26: 80138
A27: 6038 | B27: Big Dogs Huge Paws | C27: 17756 E. Ida Ave. | D27: Centennial | E27: CO | F27: 80015
A28: 7085 | B28: Biscuit's Safe Haven Rescue | C28: 13611 Parkview Pl | D28: Broomfield | E28: CO | F28: 80023 | G28: 3 | H28: 5 | I28: 2 | K28: 21 | L28: 6 | N28: 37
A29: 6347 | B29: Black Canyon Animal Sanctuary | C29: 42528 Needle Rock Rd. | D29: Crawford | E29: CO | F29: 81415 | G29: 43 | H29: 36 | I29: 39 | K29: 22 | L29: 7 | N29: 147
A30: 3960 | B30: BLUE LION ANIMAL RESCUE | C30: 33955 TORRENCE RD. | D30: YODER | E30: CO | F30: 80864 | G30: 104 | I30: 8 | K30: 10 | L30: 55 | M30: 7 | N30: 80
A31: 6346 | B31: Breeder Release Adoption Service | C31: 18500 CR 47.7 | D31: Bon Carbo | E31: CO | F31: 81024 | G31: 110 | H31: 0 | I31: 0 | J31: 0 | K31: 27 | L31: 620 | M31: 0 | N31: 647
A32: 4295 | B32: C.A.W.S. (CITIZENS FOR ANIMAL WELFARE & SHELTER) | C32: 42528 NEEDLE ROCK RD. | D32: CRAWFORD | E32: CO | F32: 81415
A33: 4573 | B33: CALICO FIELD ANIMAL SHELTER | C33: 12330 RAMAH HWY. | D33: CALHAN | E33: CO | F33: 80808 | G33: 52 | H33: 0 | I33: 0 | J33: 0 | K33: 0 | L33: 0 | M33: 1 | N33: 53 | O33: 0 | P33: 0 | Q33: 0 | R33: 0 | S33: 0 | T33: 0 | U33: 0 | V33: 0 | W33: 0 | X33: 0 | Y33: 0 | Z33: 0 | AA33: 0 | AB33: 0 | AC33: 0 | AD33: 0 | AE33: 0 | AG33: 0 | AH33: 0 | AI33: 0 | AJ33: 0 | AK33: 0 | AL33: 0 | AM33: 0 | AN33: 0 | AO33: 0 | AP33: 0 | AQ33: 0 | AR33: 0 | AS33: 0 | AT33: 0
A34: 6682 | B34: Canine Candor, Inc. | C34: 4947 West C Street | D34: Greeley | E34: CO | F34: 80634 | G34: 5 | H34: 3 | I34: 14 | J34: 0 | K34: 21 | L34: 25 | N34: 68
A35: 500 | B35: CARBON VALLEY ANIMAL HOSPITAL | C35: 101 W. GRANT AVE | D35: FIRESTONE | E35: CO | F35: 80520
A36: 3945 | B36: CAT CARE SOCIETY | C36: 5787 W. 6TH AVE. | D36: LAKEWOOD | E36: CO | F36: 80214 | G36: 0 | H36: 0 | I36: 0 | J36: 0 | K36: 0 | L36: 0 | M36: 0 | N36: 0 | O36: 74 | P36: 190 | Q36: 143 | R36: 0 | S36: 5 | T36: 0 | U36: 13 | V36: 351
A37: 3027 | B37: CAVY CARE INC. | C37: 4343 S. JASPER ST. | D37: AURORA | E37: CO | F37: 80015 | G37: 0 | H37: 0 | I37: 0 | J37: 0 | K37: 0 | L37: 0 | M37: 0 | N37: 0 | O37: 0 | P37: 0 | Q37: 0 | R37: 0 | S37: 0 | T37: 0 | U37: 0 | V37: 0 | W37: 170 | X37: 0 | Y37: 0 | Z37: 0 | AA37: 30 | AB37: 0 | AC37: 0 | AD37: 200 | AE37: 0 | AF37: 0 | AG37: 0 | AH37: 0 | AI37: 0 | AJ37: 0 | AK37: 0 | AL37: 0 | AM37: 0 | AN37: 0 | AO37: 0 | AP37: 0 | AQ37: 0 | AR37: 0 | AS37: 0 | AT37: 0
A38: 1852 | B38: CHARLOTTE WILLIAMS ANIMAL REFUGE | C38: 33210 CO. RD. 34 | D38: MATHESON | E38: CO | F38: 80830 | G38: 36 | N38: 0 | O38: 5 | V38: 0
A39: 5406 | B39: CHIHUAHUA & SMALL DOG RESCUE, INC. | C39: 53 MONK ST. | D39: COLORADO SPRINGS | E39: CO | F39: 80911
A40: 6423 | B40: Christie O'Rourke | C40: 8753 County Road 74/82 | D40: Elbert | E40: CO | F40: 80106
A41: 38 | B41: CITY OF AURORA ANIMAL SHELTER | C41: 15750 E. 32ND AVE. | D41: AURORA | E41: CO | F41: 80011 | G41: 68 | H41: 1904 | I41: 278 | J41: 208 | M41: 18 | N41: 2476 | O41: 80 | P41: 981 | Q41: 188 | R41: 74 | U41: 7 | V41: 1330 | W41: 0 | X41: 79 | Y41: 10 | Z41: 263 | AA41: 2 | AD41: 354 | AE41: 0 | AF41: 4 | AG41: 0 | AH41: 3 | AI41: 0 | AJ41: 0 | AK41: 0 | AL41: 7 | AM41: 0 | AN41: 21 | AO41: 24 | AP41: 30 | AQ41: 0 | AR41: 0 | AS41: 1 | AT41: 76
A42: 42 | B42: CITY OF BRIGHTON ANIMAL SHELTER | C42: 325 1/2 N. KUNER RD. | D42: BRIGHTON | E42: CO | F42: 80601 | G42: 0 | H42: 423 | I42: 55 | J42: 0 | K42: 0 | L42: 0 | M42: 0 | N42: 478 | O42: 0 | P42: 242 | Q42: 25 | R42: 0 | S42: 0 | T42: 0 | U42: 0 | V42: 267 | W42: 0 | X42: 78 | Y42: 2 | Z42: 0 | AA42: 0 | AB42: 0 | AC42: 0 | AD42: 80
A43: 2652 | B43: CITY OF BRUSH ANIMAL SHELTER | C43: 20503 MCR 28 | D43: BRUSH | E43: CO | F43: 80723 | G43: 2 | H43: 217 | I43: 0 | J43: 13 | K43: 0 | L43: 0 | M43: 0 | N43: 232 | O43: 0 | P43: 110 | Q43: 0 | R43: 1 | S43: 0 | T43: 0 | U43: 0 | V43: 111
A44: 2699 | B44: CITY OF BURLINGTON ANIMAL SHELTER - I | C44: 415 15TH ST, P.O. BOX 423 | D44: BURLINGTON | E44: CO | F44: 80807 | G44: 0 | H44: 7 | I44: 87 | J44: 0 | K44: 0 | L44: 0 | N44: 94 | O44: 0 | W44: 0 | AE44: 0 | AM44: 0
A45: 4684 | B45: CITY OF CORTEZ ANIMAL SHELTER | C45: 2791 E. MAIN | D45: CORTEZ | E45: CO | F45: 81321 | G45: 19 | H45: 405 | I45: 286 | N45: 710 | O45: 8 | P45: 252 | Q45: 293 | V45: 553 | X45: 21 | Y45: 2 | AD45: 23
A46: 1699 | B46: CITY OF CRIPPLE CREEK ANIMAL SHELTER | C46: 550 HAYDEN | D46: CRIPPLE CREEK | E46: CO | F46: 80813 | G46: 1 | H46: 28 | I46: 3 | M46: 3 | N46: 35 | P46: 3 | V46: 3
A47: 12 | B47: CITY OF GUNNISON ANIMAL SHELTER | C47: 1100 W. VIRGINIA AVE. | D47: GUNNISON | E47: CO | F47: 81230 | G47: 170 | H47: 9 | I47: 0 | J47: 6 | K47: 0 | L47: 0 | M47: 0 | N47: 15 | O47: 29 | P47: 23 | Q47: 0 | R47: 0 | S47: 0 | T47: 0 | U47: 0 | V47: 23 | AM47: 1 | AN47: 0 | AO47: 0 | AP47: 0 | AQ47: 0 | AR47: 0 | AS47: 0 | AT47: 0
A48: 1731 | B48: CITY OF LA JUNTA ANIMAL SHELTER | C48: 30227 6TH AVE | D48: LA JUNTA | E48: CO | F48: 81050
A49: 4099 | B49: CITY OF LAFAYETTE ANIMAL SHELTER | C49: 1700 DISTEL DR. | D49: LAFAYETTE | E49: CO | F49: 80026 | G49: 0 | J49: 15 | N49: 15
A50: 25 | B50: CITY OF LAMAR ANIMAL SHELTER | C50: 8551 RD. EE.5 | D50: LAMAR | E50: CO | F50: 81052 | G50: 8 | H50: 301 | I50: 9 | J50: 16 | K50: 3 | L50: 0 | M50: 0 | N50: 329 | O50: 0 | P50: 0 | Q50: 0 | R50: 0 | S50: 0 | T50: 0 | U50: 0 | V50: 0 | W50: 0 | X50: 0 | Y50: 0 | Z50: 0 | AA50: 0 | AB50: 0 | AC50: 0 | AD50: 0 | AE50: 0 | AF50: 0 | AG50: 0 | AH50: 0 | AI50: 0 | AJ50: 0 | AK50: 0 | AL50: 0 | AM50: 0 | AN50: 0 | AO50: 0 | AP50: 0 | AQ50: 0 | AR50: 0 | AS50: 0 | AT50: 0
A51: 2495 | B51: CITY OF LOUISVILLE | C51: 1600 EMPIRE RD | D51: LOUISVILLE | E51: CO | F51: 80027 | G51: 2 | H51: 0 | I51: 0 | J51: 0 | K51: 0 | L51: 0 | M51: 0 | N51: 0
A52: 638 | B52: CITY OF MONTROSE ANIMAL SHELTER | C52: 3383 NORTH TOWNSEND AVE | D52: MONTROSE | E52: CO | F52: 81401 | G52: 12 | H52: 576/10DOA | I52: 51 | J52: 1 | K52: 6 | L52: 0 | M52: 0 | N52: 634 | O52: 17 | P52: 601/30 DOA | Q52: 29 | R52: 0 | S52: 0 | T52: 0 | U52: 0 | V52: 630 | W52: 0 | X52: 5 | Y52: 1 | Z52: 0 | AA52: 0 | AB52: 0 | AC52: 0 | AD52: 6 | AE52: 0 | AF52: 0 | AG52: 0 | AH52: 0 | AI52: 0 | AJ52: 0 | AK52: 0 | AL52: 0 | AM52: 0 | AN52: 0/1DOA | AO52: 0 | AP52: 0 | AQ52: 0 | AR52: 0 | AS52: 0 | AT52: 0
A53: 1791 | B53: CITY OF RIFLE ANIMAL SHELTER | C53: 0569 CR 265 | D53: RIFLE | E53: CO | F53: 81650 | G53: 16 | H53: 234 | I53: 121 | J53: 0 | K53: 39 | L53: 55 | M53: 0 | N53: 449 | O53: 7 | P53: 183 | Q53: 80 | R53: 0 | S53: 38 | T53: 4 | U53: 5 | V53: 310 | W53: 0 | X53: 4 | Y53: 6 | Z53: 0 | AA53: 0 | AB53: 0 | AC53: 0 | AD53: 10
A54: 48 | B54: CITY OF ROCKY FORD ANIMAL SHELTER | C54: 203 S. 9TH STREET | D54: ROCKY FORD | E54: CO | F54: 81067 | G54: 0 | H54: 86 | I54: 1 | J54: 0 | K54: 0 | L54: 0 | M54: 0 | N54: 87
A55: 30 | B55: CITY OF STEAMBOAT SPRINGS ANIMAL SHELTER | C55: 760 CRITTER CT | D55: STEAMBOAT SPRINGS | E55: CO | F55: 80477 | G55: 6 | H55: 277 | I55: 41 | J55: 24 | K55: 3 | N55: 351 | O55: 24 | P55: 180 | Q55: 67 | R55: 2 | S55: 1 | V55: 274 | W55: 0 | X55: 3 | Y55: 7 | Z55: 0 | AA55: 0 | AD55: 10
A56: 1803 | B56: CITY OF WALSENBURG ANIMAL SHELTER | C56: 305 RAY SANDOVAL ST. | D56: WALSENBURG | E56: CO | F56: 81089 | G56: 2 | H56: 82 | I56: 2 | J56: 2 | N56: 86
A57: 2230 | B57: CITY OF WRAY ANIMAL SHELTER | C57: 100 E. BADGER ST. | D57: WRAY | E57: CO | F57: 80758 | G57: 1 | H57: 56 | I57: 0 | J57: 0 | K57: 0 | L57: 0 | M57: 0 | N57: 56
A58: 2661 | B58: CITY OF YUMA ANIMAL SHELTER | C58: 102 N. BIRCH ST. | D58: YUMA | E58: CO | F58: 80759
A59: 6171 | B59: CLAWS Rescue & Adoption Center | C59: 2214 Sanford Drive #A-5 | D59: Grand Junction | E59: CO | F59: 81505 | G59: 0 | H59: 0 | I59: 0 | J59: 0 | K59: 0 | L59: 0 | M59: 0 | N59: 0 | O59: 169 | P59: 0 | Q59: 201 | R59: 0 | S59: 330 | T59: 20 | U59: 0 | V59: 551 | W59: 0 | X59: 0 | Y59: 0 | Z59: 0 | AA59: 0 | AB59: 0 | AC59: 0 | AD59: 0 | AE59: 0 | AF59: 0 | AG59: 0 | AH59: 0 | AI59: 0 | AJ59: 0 | AK59: 0 | AL59: 0 | AM59: 0 | AN59: 0 | AO59: 0 | AP59: 0 | AQ59: 0 | AR59: 0 | AS59: 0 | AT59: 0
A60: 5539 | B60: Clear Creek County Animal Rescue League | C60: 12163 W. Stanford Dr. | D60: MORRISON | E60: CO | F60: 80465 | G60: 51 | I60: 5 | K60: 108 | L60: 28 | N60: 192 | O60: 5 | S60: 7 | V60: 12 | AA60: 11 | AD60: 11 | AI60: 1 | AL60: 1
A61: 2649 | B61: CLEARWATER DOG TRAINING & NIKENO'S SECOND CHANCES | C61: 5555 W. EVANS | D61: DENVER | E61: CO | F61: 80227 | G61: 16 | I61: 16 | K61: 12 | L61: 10 | M61: 15 | N61: 69 | O61: 4 | P61: 6 | Q61: 4 | S61: 16 | V61: 30 | Y61: 1
A62: 3143 | B62: COLORADO ANIMAL RESCUE, INC. | C62: 2801 CO. RD. 114 | D62: GLENWOOD SPRINGS | E62: CO | F62: 81601 | G62: 29 | H62: 312 | I62: 185 | J62: 0 | K62: 48 | L62: 8 | M62: 8 | N62: 561 | O62: 67 | P62: 306 | Q62: 146 | R62: 0 | S62: 53 | T62: 0 | U62: 7 | V62: 514 | W62: 0 | X62: 9 | Y62: 11 | Z62: 0 | AA62: 1 | AB62: 0 | AC62: 0 | AD62: 21 | AE62: 0 | AF62: 0 | AG62: 1 | AH62: 0 | AI62: 0 | AJ62: 0 | AK62: 0 | AL62: 1 | AM62: 0 | AN62: 1 | AO62: 0 | AP62: 0 | AQ62: 0 | AR62: 0 | AS62: 0 | AT62: 1
A63: 6292 | B63: Colorado Animal Welfare League | C63: 4844 S. Kalamath Street | D63: Englewood | E63: CO | F63: 80110 | G63: 10 | H63: 5 | I63: 15 | J63: 0 | K63: 110 | L63: 142 | M63: 0 | N63: 282 | O63: 3 | P63: 49 | Q63: 4 | R63: 0 | S63: 117 | T63: 4 | U63: 0 | V63: 177 | AM63: 0 | AN63: 0 | AO63: 0 | AP63: 0 | AQ63: 1 | AR63: 0 | AS63: 0 | AT63: 1
A64: 6043 | B64: Colorado Aussie Rescue | C64: 9513 Milwaukee Ct | D64: Thornton | E64: CO | F64: 80229 | G64: 4 | H64: 2 | I64: 16 | J64: 1 | K64: 40 | L64: 37 | M64: 0 | N64: 96
A65: 2109 | B65: COLORADO BEAGLE RESCUE, INC. | C65: 4755 W. 102nd Pl. | D65: WESTMINSTER | E65: CO | F65: 80031 | G65: 25 | H65: 1 | I65: 25 | K65: 23 | L65: 77 | N65: 126
A66: 5150 | B66: COLORADO CANINE / FRONT RANGE GERMAN SHEPHERD RESCUE | C66: 4800 FOOTHILL DR. | D66: FORT COLLINS | E66: CO | F66: 80526 | G66: 9
A67: 6254 | B67: Colorado Canine Rescue | C67: 3152 S. Gilpin Street | D67: Englewood | E67: CO | F67: 80113 | G67: 11 | H67: 0 | I67: 5 | J67: 0 | K67: 13 | L67: 97 | M67: 0 | N67: 115
A68: 5938 | B68: Colorado Coonhound Rescue & Adoption Service | C68: 7953 S. Garrison Way | D68: Littleton | E68: CO | F68: 80128 | G68: 5 | I68: 8 | K68: 9 | L68: 4 | M68: 10 | N68: 36
A69: 283 | B69: COLORADO DOG ACADEMY, INC. | C69: 12180 N. SHERIDAN | D69: BROOMFIELD | E69: CO | F69: 80020
A70: 2633 | B70: COLORADO GREYHOUND ADOPTION | C70: 6722 E EAGLE PLACE | D70: HIGHLANDS RANCH | E70: CO | F70: 80130 | G70: 33 | I70: 124racing/18adoptions | K70: 2 | N70: 144
A71: 3798 | B71: COLORADO HOUSE RABBIT SOCIETY | C71: 12601 LOWELL BLVD. | D71: BROOMFIELD | E71: CO | F71: 80020 | W71: 263 | X71: 4 | Y71: 21 | Z71: 0 | AA71: 67 | AB71: 6 | AC71: 7 | AD71: 105
A72: 6707 | B72: Colorado Japanese Chin Rescue | C72: 16217 E. Tennessee Ave. | D72: Aurora | E72: CO | F72: 80017 | G72: 15 | H72: 0 | I72: 21 | J72: 0 | K72: 13 | L72: 3 | M72: 0 | N72: 52
A73: 5865 | B73: Colorado Peke & Pom Rescue Inc. | C73: 4685 S. Acoma Street | D73: Englewood | E73: CO | F73: 80110 | G73: 29 | H73: 1 | I73: 27 | J73: 0 | K73: 81 | L73: 9 | N73: 147
A74: 2659 | B74: COLORADO PUG RESCUE | C74: 59150 E. 74TH DR. | D74: STRASBURG | E74: CO | F74: 80136 | G74: 54 | H74: 0 | I74: 70 | J74: 0 | K74: 26 | L74: 5 | M74: 0 | N74: 155
A75: 5261 | B75: COLORADO PUPPY RESCUE | C75: 4553 S. MOBILE WAY | D75: AURORA | E75: CO | F75: 80015 | G75: 3 | I75: 4 | K75: 146 | L75: 864 | N75: 1017
A76: 2650 | B76: COLORADO REPTILE HUMANE SOCIETY | C76: 13941 ELMORE RD. | D76: LONGMONT | E76: CO | F76: 80504 | AE76: 153 | AF76: 43 | AG76: 56 | AH76: 0 | AI76: 45 | AJ76: 0 | AK76: 0 | AL76: 144
A77: 4031 | B77: COLORADO SHELTIE RESCUE | C77: 4353 S. LINCOLN ST. | D77: ENGLEWOOD | E77: CO | F77: 80113 | G77: 6 | H77: 1 | I77: 32 | K77: 9 | L77: 4 | N77: 52
A78: 3697 | B78: COLORADO SHIH TZU / MALTESE RESCUE | C78: 1040 EXPLORADOR CALLE | D78: THORNTON | E78: CO | F78: 80229
A79: 2543 | B79: COLORADO SPRINGS ALL BREED RESCUE, INC | C79: 20 MOUNTAINVIEW LANE. STE C | D79: COLORADO SPRINGS | E79: CO | F79: 80907 | G79: 51 | I79: 9 | K79: 76 | N79: 136
A80: 6939 | B80: Colorado Toy Breed Rescue | G80: 0 | I80: 3 | J80: 0 | K80: 27 | L80: 0 | N80: 30
A81: 6201 | B81: Colorado/Wyoming Vizsla Rescue Group, Inc. | C81: 1017 Eggleston Street | D81: Ft Collins | E81: CO | F81: 80524 | G81: 10 | H81: 0 | I81: 33 | J81: 0 | K81: 1 | L81: 6 | N81: 40
A82: 2817 | B82: COUNTY OF BENT/CITY OF LAS ANIMAS | C82: 11200 COUNTY RD. GG.5 | D82: LAS ANIMAS | E82: CO | F82: 81054 | G82: 1 | H82: 31 | I82: 4 | J82: 0 | K82: 0 | L82: 0 | M82: 0 | N82: 36
A83: 5884 | B83: County of Clear Creek Animal Shelter | C83: 500 W. Dumont Rd | D83: Dumont | E83: CO | F83: 80436 | G83: 10 | H83: 131 | I83: 27 | J83: 64 | K83: 31 | L83: 116 | N83: 374 | O83: 25 | P83: 42 | Q83: 50 | R83: 10 | S83: 9 | T83: 0 | V83: 111
A84: 2345 | B84: COUNTY OF PARK ANIMAL SHELTER | C84: 59815 US HWY 285 | D84: BAILEY | E84: CO | F84: 80421 | G84: 0 | H84: 116 | J84: 6 | N84: 122
A85: 2729 | B85: CREATIVE ACRES, INC | C85: 13701 CAVANAUGH MILE RD. | D85: HUDSON | E85: CO | F85: 80642 | G85: 11 | N85: 0 | O85: 54 | V85: 0 | W85: 24 | AD85: 0 | AE85: 4 | AL85: 0 | AM85: 8 | AT85: 0
A86: 857 | B86: D N R KENNELS | C86: 115 GATEWAY DR | D86: BRECKENRIDGE | E86: CO | F86: 80424 | G86: 0 | H86: 0 | I86: 2 | J86: 0 | K86: 0 | L86: 0 | M86: 0 | N86: 2 | O86: 0 | P86: 1 | Q86: 0 | R86: 0 | S86: 0 | T86: 0 | U86: 0 | V86: 1
A87: 1885 | B87: DALMATIAN RESCUE OF COLORADO, INC. | C87: 713 MCGRAW DR. | D87: FORT COLLINS | E87: CO | F87: 80526 | G87: 9 | H87: 0 | I87: 20 | J87: 0 | K87: 13 | L87: 42 | M87: 27 | N87: 102
A88: 6902 | B88: Delta County Citizens for Animal Welfare & Shlter (CAWS) | G88: 2 | H88: 108 | I88: 17 | N88: 127 | O88: 6 | P88: 65 | Q88: 17 | V88: 88
A89: 3236 | B89: DELTA COUNTY HUMANE SOCIETY | C89: 537 MAIN ST. | D89: DELTA | E89: CO | F89: 81416 | G89: 1 | N89: 51 | O89: 54 | V89: 28
A90: 6382 | B90: Denkai Animal Sanctuary | C90: 14253 Hwy 392 | D90: Greeley | E90: CO | F90: 80631
A91: 6692 | B91: Denver Animal Shelter | C91: 1241 W. Bayaud Ave. | D91: Denver | E91: CO | F91: 80223 | G91: 68 | H91: 2667 | I91: 844 | J91: 1098 | K91: 13 | L91: 0 | M91: 0 | N91: 4622 | O91: 29 | P91: 1424 | Q91: 443 | R91: 162 | S91: 15 | T91: 0 | U91: 0 | V91: 2044 | W91: 4 | X91: 54 | Y91: 26 | Z91: 11 | AA91: 0 | AB91: 0 | AC91: 0 | AD91: 91 | AE91: 0 | AF91: 10 | AG91: 0 | AH91: 6 | AI91: 0 | AJ91: 0 | AK91: 0 | AL91: 16 | AM91: 0 | AN91: 29 | AO91: 1 | AP91: 2 | AQ91: 0 | AR91: 0 | AS91: 0 | AT91: 32
A92: 6447 | B92: Desperate Housecats of Teller County | C92: 211 E. Portland Ave. | D92: Victor | E92: CO | F92: 80860
A93: 6238 | B93: DMK Rehoming | C93: 8154 Downing Drive | D93: Thornton | E93: CO | F93: 80229 | G93: 11 | H93: 2 | I93: 2 | J93: 0 | K93: 32 | L93: 25 | M93: 0 | N93: 101
A94: 2565 | B94: DOBERMAN RESCUE OF COLORADO | C94: 3071 S. OGDEN ST | D94: ENGLEWOOD | E94: CO | F94: 80113 | G94: 8 | H94: 0 | I94: 5 | K94: 25 | L94: 14 | N94: 44
A95: 6875 | B95: Doggie Designs/Casa de Chihuahua | G95: 25
A96: 3589 | B96: DOGGIE HEAVEN CAMP | C96: 321 TAYLOR BLVD. | D96: WALSENBURG | E96: CO | F96: 81089 | G96: 19
A97: 2702 | B97: Doggy Dog World Rescue | C97: 4550 S. Kipling St. #14 | D97: Lakewood | E97: CO | F97: 80127 | G97: 5 | H97: 1 | I97: 17 | J97: 0 | K97: 124 | L97: 167 | N97: 314 | O97: 1 | P97: 53 | Q97: 21 | S97: 15 | V97: 90
A98: 1899 | B98: DREAMPOWER ANIMAL RESCUE FOUNDATION | C98: 826 S. Tejon St | D98: COLORADO SPRINGS | E98: CO | F98: 80903 | G98: 5 | H98: 6 | I98: 138 | J98: 0 | K98: 17 | L98: 5 | M98: 0 | N98: 171 | O98: 28 | P98: 8 | Q98: 92 | R98: 0 | S98: 2 | T98: 0 | U98: 0 | V98: 130 | W98: 13 | X98: 27 | Y98: 149 | Z98: 0 | AA98: 149 | AB98: 0 | AC98: 0 | AD98: 338 | AE98: 12 | AF98: 0 | AG98: 0 | AH98: 0 | AI98: 0 | AJ98: 0 | AK98: 0 | AL98: 12 | AM98: 0 | AN98: 0 | AO98: 0 | AP98: 0 | AQ98: 0 | AR98: 0 | AS98: 0 | AT98: 0
A99: 4034 | B99: DUMB FRIENDS LEAGUE BUDDY CENTER, THE | C99: 4556 CASTLETON CT. | D99: CASTLE ROCK | E99: CO | F99: 80104 | G99: 41 | H99: 1012 | I99: 980 | J99: 1 | K99: 25 | L99: 248 | M99: 269 | N99: 2785 | O99: 34 | P99: 609 | Q99: 1108 | R99: 0 | S99: 31 | T99: 0 | U99: 96 | V99: 1844 | W99: 22 | X99: 75 | Y99: 279 | Z99: 0 | AA99: 6 | AB99: 0 | AC99: 11 | AD99: 371 | AE99: 0 | AF99: 8 | AG99: 9 | AH99: 0 | AI99: 0 | AJ99: 0 | AK99: 0 | AL99: 17 | AM99: 0 | AN99: 6 | AO99: 34 | AP99: 0 | AQ99: 0 | AR99: 0 | AS99: 0 | AT99: 40
A100: 6 | B100: DUMB FRIENDS LEAGUE/HUMANE SOCIETY OF DENVER | C100: 2080 S. QUEBEC ST | D100: DENVER | E100: CO | F100: 80231 | G100: 288 | H100: 2985 | I100: 4767 | J100: 31 | K100: 664 | L100: 484 | M100: 1134 | N100: 10065 | O100: 261 | P100: 3617 | Q100: 4870 | R100: 8 | S100: 280 | T100: 20 | U100: 551 | V100: 9346 | W100: 60 | X100: 397 | Y100: 1027 | Z100: 84 | AA100: 24 | AB100: 0 | AC100: 49 | AD100: 1581 | AE100: 1 | AF100: 12 | AG100: 26 | AH100: 0 | AI100: 2 | AJ100: 0 | AK100: 0 | AL100: 40 | AM100: 1 | AN100: 28 | AO100: 96 | AP100: 22 | AQ100: 13 | AR100: 0 | AS100: 0 | AT100: 159
...

Sheet Outflow
A1: Pacfa ID | B1: Name | C1: Address | D1: City | E1: State | F1: Zip | G1: Dogs RTO | H1: Dogs Adopted | I1: Dogs Euthanized | J1: Dogs DOA | K1: Dogs Died | L1: Dogs Trans. In state | M1: Dogs Trans. Out of state | N1: Dogs Other (missing, stolen, etc.) | O1: Dogs Total Outcomes | P1: Dogs Ending Inventory | Q1: Cats RTO | R1: Cats Adopted | S1: Cats Euthanized | T1: Cats DOA | U1: Cats Died | V1: Cats Trans. In state | W1: Cats Trans. Out of state | X1: Cats Other (missing, stolen, etc.) | Y1: Cats Total Outcomes | Z1: Cats Ending Inventory | AA1: Small Mammals RTO | AB1: Small Mammals Adopted | AC1: Small Mammals Euthanized | AD1: Small Mammals DOA | AE1: Small Mammals Died | AF1: Small Mammals Trans. In state | AG1: Small Mammals Trans. Out of state | AH1: Small Mammals Other (missing, stolen, etc.) | AI1: Small Mammals Total Outcomes | AJ1: Small Mammals Ending Inventory | AK1: Reptiles RTO | AL1: Reptiles Adopted | AM1: Reptiles Euthanized | AN1: Reptiles DOA | AO1: Reptiles Died | AP1: Reptiles Trans. In state | AQ1: Reptiles Trans. Out of state | AR1: Reptiles Other (missing, stolen, etc.) | AS1: Reptiles Total Outcomes | AT1: Reptiles Ending Inventory | AU1: Pet Birds RTO | AV1: Pet Birds Adopted | AW1: Pet Birds Euthanized | AX1: Pet Birds DOA | AY1: Pet Birds Died | AZ1: Pet Birds Trans. In state | BA1: Pet Birds Trans. Out of state | BB1: Pet Birds Other (missing, stolen, etc.) | BC1: Pet Birds Total Outcomes | BD1: Pet Birds Ending Inventory | BE1: Column1
A2: 2 | B2: HUMANE SOCIETY OF BOULDER VALLEY | C2: 2323 55TH ST | D2: BOULDER | E2: CO | F2: 80301 | G2: 940 | H2: 4138 | I2: 258 | J2: 90 | K2: 9 | L2: 84 | M2: 3 | N2: 96 | O2: 5618 | P2: 65 | Q2: 318 | R2: 2313 | S2: 330 | T2: 119 | U2: 19 | V2: 7 | W2: 1 | X2: 77 | Y2: 3184 | Z2: 87 | AA2: 16 | AB2: 272 | AC2: 26 | AD2: 10 | AE2: 11 | AF2: 28 | AG2: 0 | AH2: 12 | AI2: 375 | AJ2: 3 | AK2: 2 | AL2: 2 | AM2: 1 | AN2: 0 | AO2: 0 | AP2: 5 | AQ2: 0 | AR2: 2 | AS2: 12 | AT2: 0 | AU2: 11 | AV2: 31 | AW2: 3 | AX2: 3 | AY2: 2 | AZ2: 11 | BA2: 0 | BB2: 0 | BC2: 61 | BD2: 0
A3: 6 | B3: DUMB FRIENDS LEAGUE/HUMANE SOCIETY OF DENVER | C3: 2080 S. QUEBEC ST | D3: DENVER | E3: CO | F3: 80231 | G3: 1397 | H3: 6005 | I3: 1009 | J3: 269 | K3: 26 | L3: 263 | M3: 0 | N3: 1135 | O3: 10104 | P3: 185 | Q3: 373 | R3: 5947 | S3: 2011 | T3: 141 | U3: 66 | V3: 131 | W3: 0 | X3: 552 | Y3: 9221 | Z3: 307 | AA3: 12 | AB3: 841 | AC3: 476 | AD3: 30 | AE3: 29 | AF3: 128 | AG3: 0 | AH3: 53 | AI3: 1569 | AJ3: 34 | AK3: 0 | AL3: 5 | AM3: 1 | AN3: 4 | AO3: 0 | AP3: 24 | AQ3: 0 | AR3: 0 | AS3: 34 | AT3: 7 | AU3: 1 | AV3: 7 | AW3: 7 | AX3: 7 | AY3: 2 | AZ3: 133 | BA3: 0 | BB3: 0 | BC3: 157 | BD3: 2
A4: 7 | B4: HUMANE SOCIETY OF THE PIKES PEAK REGION | C4: 610 ABBOTT LANE | D4: COLORADO SPRINGS | E4: CO | F4: 80905 | G4: 3247 | H4: 3539 | I4: 1244 | J4: 118 | K4: 17 | L4: 72 | M4: 3 | N4: 1275 | O4: 9515 | P4: 94 | Q4: 1749 | R4: 3131 | S4: 2021 | T4: 149 | U4: 57 | V4: 288 | W4: 0 | X4: 858 | Y4: 8253 | Z4: 95 | AA4: 77 | AB4: 310 | AC4: 69 | AD4: 9 | AE4: 12 | AF4: 1 | AG4: 0 | AH4: 190 | AI4: 668 | AJ4: 18 | AK4: 18 | AL4: 49 | AM4: 4 | AN4: 0 | AO4: 0 | AP4: 0 | AQ4: 0 | AR4: 14 | AS4: 85 | AT4: 3 | AU4: 19 | AV4: 78 | AW4: 4 | AX4: 1 | AY4: 2 | AZ4: 0 | BA4: 0 | BB4: 8 | BC4: 112 | BD4: 1
A5: 8 | B5: HUMANE SOCIETY OF FREMONT COUNTY | C5: 110 RHOADES AVE. | D5: CANON CITY | E5: CO | F5: 81212 | G5: 537 | H5: 790 | I5: 170 | J5: 132 | K5: 12 | L5: 138 | M5: 0 | N5: 243 | O5: 2022 | P5: 76 | Q5: 23 | R5: 261 | S5: 619 | T5: 90 | U5: 5 | V5: 338 | W5: 0 | X5: 221 | Y5: 1557 | Z5: 28 | AA5: 8 | AB5: 7 | AC5: 1 | AD5: 73 | AE5: 0 | AF5: 7 | AG5: 0 | AH5: 14 | AI5: 110 | AJ5: 4 | AK5: 0 | AL5: 0 | AM5: 0 | AN5: 0 | AO5: 0 | AP5: 0 | AQ5: 0 | AR5: 0 | AS5: 0 | AT5: 0 | AU5: 0 | AV5: 0 | AW5: 0 | AX5: 0 | AY5: 0 | AZ5: 0 | BA5: 0 | BB5: 0 | BC5: 0 | BD5: 0
A6: 12 | B6: CITY OF GUNNISON ANIMAL SHELTER | C6: 1100 W. VIRGINIA AVE. | D6: GUNNISON | E6: CO | F6: 81230 | G6: 155 | H6: 9 | I6: 0 | J6: 0 | K6: 2 | L6: 0 | M6: 0 | N6: 0 | O6: 166 | P6: 0 | Q6: 9 | R6: 23 | S6: 3 | T6: 0 | U6: 8 | V6: 0 | W6: 0 | X6: 0 | Y6: 43 | Z6: 0 | AU6: 1 | AV6: 0 | AW6: 0 | AX6: 0 | AY6: 0 | AZ6: 0 | BA6: 0 | BB6: 0 | BC6: 1 | BD6: 0
A7: 16 | B7: LA PLATA COUNTY HUMANE SOCIETY | C7: 1111 S. CAMINO DEL RIO | D7: DURANGO | E7: CO | F7: 81303 | G7: 0
A8: 17 | B8: LARIMER HUMANE SOCIETY | C8: 6317 KYLE AVE | D8: FORT COLLINS | E8: CO | F8: 80525 | G8: 1689 | H8: 1024 | I8: 269 | J8: 99 | K8: 3 | L8: 183 | M8: 11 | N8: 214 | O8: 3492 | P8: 47 | Q8: 422 | R8: 1437 | S8: 413 | T8: 174 | U8: 17 | V8: 102 | W8: 0 | X8: 154 | Y8: 2719 | Z8: 77 | AA8: 17 | AB8: 215 | AC8: 25 | AD8: 26 | AE8: 11 | AF8: 6 | AG8: 0 | AH8: 7 | AI8: 807 | AJ8: 9 | AK8: 74 | AL8: 109 | AM8: 4 | AN8: 3 | AO8: 7 | AP8: 3 | AQ8: 1 | AR8: 0 | AS8: 201 | AT8: 0 | AU8: 277 | AV8: 137 | AW8: 18 | AX8: 23 | AY8: 3 | AZ8: 0 | BA8: 0 | BB8: 15 | BC8: 473 | BD8: 3
A9: 25 | B9: CITY OF LAMAR ANIMAL SHELTER | C9: 8551 RD. EE.5 | D9: LAMAR | E9: CO | F9: 81052 | G9: 172 | H9: 32 | I9: 1 | J9: 0 | K9: 0 | L9: 122 | M9: 0 | N9: 2 | O9: 329 | P9: 8 | Q9: 0 | R9: 0 | S9: 0 | T9: 0 | U9: 0 | V9: 0 | W9: 0 | X9: 0 | Y9: 0 | Z9: 0 | AA9: 0 | AB9: 0 | AC9: 0 | AD9: 0 | AE9: 0 | AF9: 0 | AG9: 0 | AH9: 0 | AI9: 0 | AJ9: 0 | AK9: 0 | AL9: 0 | AM9: 0 | AN9: 0 | AO9: 0 | AP9: 0 | AQ9: 0 | AR9: 0 | AS9: 0 | AT9: 0 | AU9: 0 | AV9: 0 | AW9: 0 | AX9: 0 | AY9: 0 | AZ9: 0 | BA9: 0 | BB9: 0 | BC9: 0 | BD9: 0
A10: 26 | B10: ANIMAL WELFARE & PROTECTION SOCIETY | C10: 3420 W. 8TH ST. | D10: PUEBLO | E10: CO | F10: 81003 | G10: 53 | H10: 912 | I10: 3 | J10: 0 | K10: 7 | L10: 17 | M10: 0 | N10: 2 | O10: 494 | P10: 37 | R10: 11 | Y10: 11 | Z10: 0
A11: 30 | B11: CITY OF STEAMBOAT SPRINGS ANIMAL SHELTER | C11: 760 CRITTER CT | D11: STEAMBOAT SPRINGS | E11: CO | F11: 80477 | G11: 248 | H11: 87 | I11: 4 | K11: 0 | L11: 6 | M11: 0 | O11: 345 | P11: 6 | Q11: 17 | R11: 208 | S11: 8 | U11: 1 | V11: 16 | W11: 0 | Y11: 250 | Z11: 22 | AB11: 10 | AI11: 10
A12: 31 | B12: TOWN OF TELLURIDE ANIMAL SHELTER | C12: 12000 HWY 145 | D12: TELLURIDE | E12: CO | F12: 81435 | G12: 35 | H12: 0 | I12: 1 | J12: 0 | K12: 0 | L12: 3 | M12: 0 | N12: 0 | O12: 0 | P12: 1
A13: 32 | B13: SUMMIT COUNTY ANIMAL SHELTER | C13: 0191 SCR 1004 | D13: FRISCO | E13: CO | F13: 80443 | G13: 200 | H13: 141 | I13: 4 | J13: 3 | K13: 0 | L13: 8 | M13: 0 | N13: 0 | O13: 356 | P13: 18 | Q13: 18 | R13: 81 | S13: 4 | T13: 4 | U13: 1 | V13: 0 | W13: 0 | X13: 0 | Y13: 108 | Z13: 17 | AA13: 0 | AB13: 9 | AC13: 0 | AD13: 0 | AE13: 0 | AF13: 3 | AG13: 0 | AH13: 0 | AI13: 12 | AJ13: 2 | AK13: 0 | AL13: 0 | AM13: 0 | AN13: 0 | AO13: 0 | AP13: 0 | AQ13: 0 | AR13: 0 | AS13: 0 | AT13: 0 | AU13: 0 | AV13: 0 | AW13: 0 | AX13: 0 | AY13: 0 | AZ13: 0 | BA13: 0 | BB13: 0 | BC13: 0 | BD13: 0
A14: 38 | B14: CITY OF AURORA ANIMAL SHELTER | C14: 15750 E. 32ND AVE. | D14: AURORA | E14: CO | F14: 80011 | G14: 921 | H14: 637 | I14: 397 | J14: 66 | K14: 4 | L14: 396 | N14: 2 | O14: 2423 | P14: 53 | Q14: 89 | R14: 171 | S14: 631 | T14: 34 | U14: 4 | V14: 378 | W14: 0 | X14: 1 | Y14: 1308 | Z14: 22 | AA14: 6 | AB14: 49 | AC14: 121 | AD14: 21 | AE14: 1 | AF14: 156 | AI14: 354 | AJ14: 0 | AK14: 1 | AL14: 0 | AM14: 5 | AN14: 0 | AO14: 1 | AP14: 0 | AQ14: 0 | AR14: 0 | AS14: 7 | AT14: 0 | AU14: 23 | AV14: 23 | AW14: 9 | AX14: 2 | AY14: 0 | AZ14: 19 | BA14: 0 | BB14: 0 | BC14: 76 | BD14: 0
A15: 42 | B15: CITY OF BRIGHTON ANIMAL SHELTER | C15: 325 1/2 N. KUNER RD. | D15: BRIGHTON | E15: CO | F15: 80601 | G15: 257 | H15: 11 | I15: 58 | J15: 32 | K15: 3 | L15: 128 | M15: 0 | N15: 1 | O15: 478 | P15: 0 | Q15: 24 | R15: 0 | S15: 80 | T15: 39 | U15: 1 | V15: 126 | W15: 0 | X15: 0 | Y15: 267 | Z15: 0 | AA15: 0 | AB15: 1 | AC15: 3 | AD15: 57 | AE15: 1 | AF15: 18 | AG15: 0 | AH15: 0 | AI15: 80 | AJ15: 0
A16: 48 | B16: CITY OF ROCKY FORD ANIMAL SHELTER | C16: 203 S. 9TH STREET | D16: ROCKY FORD | E16: CO | F16: 81067 | G16: 35 | H16: 9 | I16: 1 | J16: 0 | K16: 0 | L16: 42 | M16: 0 | N16: 0 | O16: 87 | P16: 0
A17: 52 | B17: HIGHLAND VETERINARY CLINIC, P.C. | C17: 206 2ND ST | D17: AULT | E17: CO | F17: 80610 | G17: 31 | H17: 6 | I17: 2 | L17: 3 | P17: 2 | Q17: 0 | R17: 4 | S17: 5 | V17: 17 | Z17: 2 | AB17: 1 | AC17: 0 | AJ17: 0 | AM17: 0 | AT17: 0 | AW17: 0 | BD17: 0
A18: 283 | B18: COLORADO DOG ACADEMY, INC. | C18: 12180 N. SHERIDAN | D18: BROOMFIELD | E18: CO | F18: 80020
A19: 291 | B19: Valley Vet Clinic | C19: 7038 Hwy 160 | D19: Alamosa | E19: CO | F19: 81101
A20: 316 | B20: MOUNTAIN SHADOWS ANIMAL HOSPITAL | C20: 9171 U.S. HWY 50 | D20: SALIDA | E20: CO | F20: 81201
A21: 476 | B21: HALLCREST KENNELS | C21: 2046 COUNTY RD. 158 | D21: ELIZABETH | E21: CO | F21: 80107
A22: 500 | B22: CARBON VALLEY ANIMAL HOSPITAL | C22: 101 W. GRANT AVE | D22: FIRESTONE | E22: CO | F22: 80520
A23: 540 | B23: ST Francis Hotel for Pets Boarding Kennel | C23: 14851 CR G | H23: 3 | I23: 3 | K23: 1 | P23: 21 | U23: 3 | Z23: 9
A24: 626 | B24: ANIMAL RESCUE & ADOPTION SOCIETY | C24: 2390 S. DELAWARE | D24: DENVER | E24: CO | F24: 80223 | Q24: 1 | R24: 251 | S24: 9 | T24: 1 | U24: 6 | V24: 1 | W24: 0 | X24: 0 | Y24: 0 | Z24: 96
A25: 638 | B25: CITY OF MONTROSE ANIMAL SHELTER | C25: 3383 NORTH TOWNSEND AVE | D25: MONTROSE | E25: CO | F25: 81401 | G25: 323 | H25: 216 | I25: 10 | J25: 4 | K25: 2 | L25: 78 | M25: 0 | N25: 1 | O25: 634 | P25: 16 | Q25: 27 | R25: 197 | S25: 74 | T25: 30 | U25: 11 | V25: 325 | W25: 0 | X25: 0 | Y25: 664 | Z25: 13 | AA25: 1 | AB25: 5 | AC25: 0 | AD25: 0 | AE25: 0 | AF25: 0 | AG25: 0 | AH25: 0 | AI25: 6 | AJ25: 0 | AK25: 0 | AL25: 0 | AM25: 0 | AN25: 0 | AO25: 0 | AP25: 0 | AQ25: 0 | AR25: 0 | AS25: 0 | AT25: 0 | AU25: 0 | AV25: 0 | AW25: 0 | AX25: 1 | AY25: 0 | AZ25: 0 | BA25: 0 | BB25: 0 | BC25: 1 | BD25: 0
A26: 639 | B26: NORTH FORK VETERINARY CLINIC | C26: 14926 BETHLEHEM RD. | D26: PAONIA | E26: CO | F26: 81428 | G26: 6 | H26: 4 | I26: 0 | J26: 0 | K26: 0 | L26: 0 | M26: 0 | N26: 0 | O26: 10 | P26: 0 | Q26: 0 | R26: 1 | S26: 0 | T26: 0 | U26: 0 | V26: 0 | W26: 0 | X26: 0 | Y26: 10 | Z26: 0
A27: 705 | B27: TOWN OF LIMON ANIMAL SHELTER - I | C27: 701 INDIANA AVE | D27: LIMON | E27: CO | F27: 80828 | G27: 28 | H27: 11 | N27: 8 | O27: 47 | P27: 0
A28: 857 | B28: D N R KENNELS | C28: 115 GATEWAY DR | D28: BRECKENRIDGE | E28: CO | F28: 80424 | G28: 0 | H28: 0 | I28: 0 | J28: 0 | K28: 0 | L28: 0 | M28: 2 | N28: 0 | O28: 2 | P28: 0 | Q28: 1 | R28: 1 | S28: 0 | T28: 0 | U28: 0 | V28: 0 | W28: 0 | X28: 0 | Y28: 1 | Z28: 0
A29: 1108 | B29: LONGMONT HUMANE SOCIETY | C29: 9595 NELSON RD | D29: LONGMONT | E29: CO | F29: 80501 | G29: 696 | H29: 1165 | I29: 81 | J29: 92 | K29: 2 | L29: 100 | N29: 38 | O29: 2174 | P29: 107 | Q29: 99 | R29: 1169 | S29: 141 | T29: 128 | U29: 11 | V29: 99 | X29: 17 | Y29: 1664 | Z29: 123 | AA29: 1 | AB29: 88 | AC29: 6 | AD29: 5 | AE29: 2 | AF29: 27 | AI29: 129 | AJ29: 6 | AV29: 29 | AW29: 1 | AX29: 1 | AY29: 1 | AZ29: 3 | BB29: 1 | BC29: 36 | BD29: 6
A30: 1161 | B30: ANIMAL CLINIC OF JULESBURG | C30: 809 W 3RD ST. | D30: JULESBURG | E30: CO | F30: 80737
A31: 1166 | B31: Land of Ahs Kennel | C31: 12599 Jordan Rd | D31: Fountain | E31: CO | F31: 80817 | G31: 122 | H31: 7 | I31: 17 | L31: 96 | O31: 242 | Q31: 24 | R31: 4 | S31: 3 | V31: 132 | Y31: 163 | Z31: 3 | BE31: 2-other
A32: 1183 | B32: NORTHWEST ANIMAL HOSPITAL, PC | C32: 4575 N CHESTNUT ST | D32: COLORADO SPRINGS | E32: CO | F32: 80907
A33: 1317 | B33: WESTIE RESCUE NETWORK, INC | C33: 7895 Mustang Rd. | D33: COLORADO SPRINGS | E33: CO | F33: 80908 | G33: 1 | H33: 73 | I33: 2 | K33: 1 | L33: 3 | O33: 80 | P33: 3 | R33: 1 | Y33: 1 | Z33: 0
A34: 1506 | B34: TENAKER PET CARE CENTER, INC. | C34: 895 LAREDO | D34: AURORA | E34: CO | F34: 80011
A35: 1629 | B35: BEAR CREEK ANIMAL HOSPITAL | C35: 2430 E VICTORY WAY | D35: CRAIG | E35: CO | F35: 81625 | G35: 207 | H35: 137 | I35: 13 | L35: 30 | N35: 3 | P35: 390 | Q35: 3 | R35: 84 | S35: 21 | V35: 76 | X35: 12 | Z35: 196 | AB35: 5 | AJ35: 5
A36: 1699 | B36: CITY OF CRIPPLE CREEK ANIMAL SHELTER | C36: 550 HAYDEN | D36: CRIPPLE CREEK | E36: CO | F36: 80813 | G36: 26 | H36: 9 | O36: 35 | P36: 0 | R36: 1 | V36: 2 | Y36: 3 | Z36: 0
A37: 1719 | B37: INTERMOUNTAIN HUMANE SOCIETY | C37: 67318 US HWY 285 | D37: PINE | E37: CO | F37: 80470 | G37: 32 | H37: 238 | I37: 1 | J37: 0 | K37: 0 | L37: 16 | M37: 0 | N37: 0 | O37: 287 | P37: 0 | Q37: 13 | R37: 379 | S37: 4 | T37: 0 | U37: 4 | V37: 1 | W37: 0 | X37: 1 | Y37: 402 | Z37: 55 | AA37: 0 | AB37: 0 | AC37: 0 | AD37: 0 | AE37: 0 | AF37: 0 | AG37: 0 | AH37: 0 | AI37: 0 | AJ37: 0 | AK37: 0 | AL37: 0 | AM37: 0 | AN37: 0 | AO37: 0 | AP37: 0 | AQ37: 0 | AR37: 0 | AS37: 0 | AT37: 0 | AU37: 0 | AV37: 0 | AW37: 0 | AX37: 0 | AY37: 0 | AZ37: 0 | BA37: 0 | BB37: 0 | BC37: 0 | BD37: 0
A38: 1726 | B38: ARK VALLEY HUMANE SOCIETY | C38: 701 GREGG DR | D38: BUENA VISTA | E38: CO | F38: 81211 | G38: 118 | H38: 220 | I38: 17 | J38: 1 | K38: 1 | L38: 29 | M38: 0 | N38: 1 | O38: 387 | P38: 19 | Q38: 9 | R38: 226 | S38: 13 | T38: 3 | U38: 7 | V38: 84 | W38: 0 | X38: 0 | Y38: 342 | Z38: 27 | AA38: 2 | AB38: 2 | AC38: 0 | AD38: 0 | AE38: 0 | AF38: 0 | AG38: 0 | AH38: 0 | AI38: 4 | AJ38: 0 | AK38: 0 | AL38: 0 | AM38: 0 | AN38: 0 | AO38: 0 | AP38: 0 | AQ38: 0 | AR38: 0 | AS38: 0 | AT38: 0 | AU38: 0 | AV38: 2 | AW38: 0 | AX38: 0 | AY38: 0 | AZ38: 0 | BA38: 0 | BB38: 0 | BC38: 2 | BD38: 0
A39: 1731 | B39: CITY OF LA JUNTA ANIMAL SHELTER | C39: 30227 6TH AVE | D39: LA JUNTA | E39: CO | F39: 81050
A40: 1759 | B40: BARNWATER CATS | C40: 3131 E EVANS AVE | D40: DENVER | E40: CO | F40: 80210
A41: 1791 | B41: CITY OF RIFLE ANIMAL SHELTER | C41: 0569 CR 265 | D41: RIFLE | E41: CO | F41: 81650 | G41: 160 | H41: 278 | I41: 2 | J41: 0 | K41: 0 | L41: 2 | M41: 0 | N41: 0 | O41: 440 | P41: 23 | Q41: 5 | R41: 270 | S41: 3 | T41: 0 | U41: 3 | V41: 0 | W41: 0 | X41: 0 | Y41: 281 | Z41: 36 | AA41: 0 | AB41: 9 | AC41: 0 | AD41: 0 | AE41: 1 | AF41: 0 | AG41: 0 | AH41: 0 | AI41: 0 | AJ41: 0
A42: 1793 | B42: VOLUNTEERS FOR INTER-VALLEY ANIMALS | C42: 2039 RANDALL RD | D42: PUEBLO | E42: CO | F42: 81008
A43: 1803 | B43: CITY OF WALSENBURG ANIMAL SHELTER | C43: 305 RAY SANDOVAL ST. | D43: WALSENBURG | E43: CO | F43: 81089 | G43: 59 | H43: 10 | I43: 5 | L43: 13 | N43: 1 | O43: 88 | P43: 0
A44: 1834 | B44: TOWN OF RANGELY ANIMAL SHELTER | C44: 407 1/2 BRONCO RD. | D44: RANGELY | E44: CO | F44: 81648 | G44: 84 | H44: 73 | I44: 1 | J44: 0 | K44: 0 | L44: 2 | M44: 0 | N44: 0 | O44: 160 | P44: 0 | Q44: 34 | R44: 41 | S44: 1 | T44: 0 | U44: 1 | V44: 11 | W44: 0 | X44: 0 | Y44: 88 | Z44: 9 | AA44: 0 | AB44: 0 | AC44: 0 | AD44: 0 | AE44: 0 | AF44: 0 | AG44: 0 | AH44: 0 | AI44: 0 | AJ44: 1 | AK44: 0 | AL44: 0 | AM44: 0 | AN44: 0 | AO44: 0 | AP44: 0 | AQ44: 0 | AR44: 0 | AS44: 0 | AT44: 0 | AU44: 0 | AV44: 0 | AW44: 0 | AX44: 0 | AY44: 0 | AZ44: 0 | BA44: 0 | BB44: 0 | BC44: 0 | BD44: 0
A45: 1836 | B45: HIGH COUNTRY BASSET HOUND RESCUE & ADOPTION SVC. INC. | C45: 3730 S. LOWELL BLVD. | D45: DENVER | E45: CO | F45: 80236 | H45: 71 | I45: 1 | O45: 72 | P45: 17
A46: 1852 | B46: CHARLOTTE WILLIAMS ANIMAL REFUGE | C46: 33210 CO. RD. 34 | D46: MATHESON | E46: CO | F46: 80830 | K46: 8 | O46: 8 | P46: 28 | U46: 1 | Y46: 1 | Z46: 4
A47: 1885 | B47: DALMATIAN RESCUE OF COLORADO, INC. | C47: 713 MCGRAW DR. | D47: FORT COLLINS | E47: CO | F47: 80526 | G47: 0 | H47: 86 | I47: 1 | J47: 0 | K47: 0 | L47: 13 | M47: 4 | N47: 0 | O47: 86 | P47: 10
A48: 1899 | B48: DREAMPOWER ANIMAL RESCUE FOUNDATION | C48: 826 S. Tejon St | D48: COLORADO SPRINGS | E48: CO | F48: 80903 | G48: 1 | H48: 159 | I48: 1 | J48: 0 | K48: 0 | L48: 2 | M48: 0 | N48: 0 | O48: 163 | P48: 8 | Q48: 2 | R48: 83 | S48: 0 | T48: 0 | U48: 5 | V48: 0 | W48: 0 | X48: 10 | Y48: 100 | Z48: 30 | AA48: 0 | AB48: 318 | AC48: 0 | AD48: 0 | AE48: 2 | AF48: 0 | AG48: 0 | AH48: 0 | AI48: 320 | AJ48: 18 | AK48: 0 | AL48: 0 | AM48: 0 | AN48: 0 | AO48: 0 | AP48: 0 | AQ48: 0 | AR48: 12 | AS48: 12 | AT48: 0 | AU48: 0 | AV48: 0 | AW48: 0 | AX48: 0 | AY48: 0 | AZ48: 0 | BA48: 0 | BB48: 0 | BC48: 0 | BD48: 0
A49: 1936 | B49: FT LUPTON VETRINARY HOSPITAL | C49: 1025 1ST ST | D49: FORT LUPTON | E49: CO | F49: 80621 | G49: 90 | H49: 6 | I49: 40 | J49: 2 | O49: 144 | P49: 0 | S49: 2 | T49: 1 | Y49: 3 | Z49: 0
A50: 1959 | B50: GRAND COUNTY ANIMAL SHELTER | C50: 3475 CR 57 | D50: GRANBY | E50: CO | F50: 80446 | G50: 147 | H50: 46 | I50: 1 | K50: 0 | L50: 2 | M50: 0 | N50: 0 | O50: 196 | P50: 24 | Q50: 11 | R50: 81 | S50: 5 | T50: 4 | U50: 0 | V50: 0 | W50: 0 | X50: 0 | Y50: 101 | Z50: 8
A51: 1997 | B51: TELLER COUNTY REGIONAL ANIMAL SHELTER | C51: 308 WEAVERVILLE RD. | D51: DIVIDE | E51: CO | F51: 80814 | G51: 256 | H51: 263 | I51: 4 | K51: 6 | L51: 5 | O51: 534 | P51: 28 | Q51: 10 | R51: 202 | S51: 3 | U51: 3 | V51: 6 | Y51: 224 | Z51: 30
A52: 2026 | B52: ROCKY MOUNTAIN GREYHOUND ADOPTION, INC | C52: 25675 160TH AVE. | D52: BRIGHTON | E52: CO | F52: 80601
A53: 2109 | B53: COLORADO BEAGLE RESCUE, INC. | C53: 4755 W. 102nd Pl. | D53: WESTMINSTER | E53: CO | F53: 80031 | H53: 124 | I53: 1 | L53: 1 | O53: 126 | P53: 8
A54: 2160 | B54: ENGLISH SPRINGER RESCUE OF THE ROCKIES | C54: 3540 OTIS ST. | D54: WHEAT RIDGE | E54: CO | F54: 80033
A55: 2220 | B55: HO-BO-CARE BOXER RESCUE | C55: 1112 E. BAYAUD AVE. | D55: DENVER | E55: CO | F55: 80209
A56: 2230 | B56: CITY OF WRAY ANIMAL SHELTER | C56: 100 E. BADGER ST. | D56: WRAY | E56: CO | F56: 80758 | G56: 42 | H56: 0 | I56: 0 | J56: 0 | K56: 0 | L56: 12 | M56: 0 | N56: 1 | O56: 55 | P56: 2
A57: 2345 | B57: COUNTY OF PARK ANIMAL SHELTER | C57: 59815 US HWY 285 | D57: BAILEY | E57: CO | F57: 80421 | G57: 86 | H57: 34 | I57: 1 | J57: 1 | O57: 122 | P57: 0
A58: 2397 | B58: SCHULTZ, KAREN | C58: 15643 E. 35TH PL | D58: AURORA | E58: CO | F58: 80011
A59: 2476 | B59: LUANNE'S ANIMALS | C59: 4001 N. WOLFCREEK MILE RD. | D59: STRASBURG | E59: CO | F59: 80136
A60: 2487 | B60: MAXFUND ANIMAL ADOPTION CENTER | C60: 1025 GALAPAGO ST | D60: DENVER | E60: CO | F60: 80204 | G60: 100 | H60: 445 | I60: 2 | J60: 1 | K60: 5 | L60: 3 | M60: 0 | N60: 531 | O60: 556 | P60: 67
A61: 2488 | B61: EVERGREEN ANIMAL PROTECTIVE LEAGUE | C61: 5508 S. SKYLINE DR | D61: EVERGREEN | E61: CO | F61: 80439 | H61: 378 | I61: 2 | K61: 1 | O61: 381 | P61: 56 | R61: 173 | S61: 2 | U61: 2 | Y61: 178 | Z61: 14
A62: 2492 | B62: TOWN OF SNOWMASS VILLAGE ANIMAL SHELTER | C62: 3745 OWL CREEK RD | D62: SNOWMASS VILLAGE | E62: CO | F62: 81615 | G62: 20 | H62: 0 | I62: 0 | J62: 0 | K62: 0 | L62: 1 | M62: 0 | N62: 0 | O62: 21 | P62: 0 | Q62: 0 | R62: 1 | S62: 0 | T62: 0 | U62: 0 | V62: 1 | W62: 0 | X62: 0 | Y62: 2 | Z62: 0
A63: 2495 | B63: CITY OF LOUISVILLE | C63: 1600 EMPIRE RD | D63: LOUISVILLE | E63: CO | F63: 80027 | G63: 0 | H63: 0 | I63: 0 | J63: 0 | K63: 0 | L63: 2 | M63: 0 | N63: 0 | O63: 2 | P63: 0
A64: 2499 | B64: RECYCLED CRITTER RESCUE | C64: 11822 GILPIN ST | D64: NORTHGLENN | E64: CO | F64: 80233
A65: 2502 | B65: TOWN OF AKRON | C65: 602 W. 1ST | D65: AKRON | E65: CO | F65: 80720 | G65: 43 | H65: 4 | I65: 0 | J65: 0 | K65: 0 | L65: 8 | M65: 0 | N65: 0 | O65: 55 | P65: 0 | Q65: 0 | R65: 11 | S65: 1 | T65: 0 | U65: 0 | V65: 3 | W65: 0 | X65: 0 | Y65: 15 | Z65: 0 | AA65: 0 | AB65: 0 | AC65: 0 | AD65: 0 | AE65: 0 | AF65: 0 | AG65: 0 | AH65: 0 | AI65: 0 | AJ65: 0 | AK65: 0 | AL65: 0 | AM65: 0 | AN65: 0 | AO65: 0 | AP65: 0 | AQ65: 0 | AR65: 0 | AS65: 0 | AT65: 0 | AU65: 0 | AV65: 0 | AW65: 0 | AX65: 0 | AY65: 0 | AZ65: 0 | BA65: 0 | BB65: 0 | BC65: 0 | BD65: 0
A66: 2537 | B66: TOWN OF MEEKER ANIMAL CONTROL FACILITY | C66: 109 3RD ST. | D66: MEEKER | E66: CO | F66: 81641 | G66: 79 | H66: 23 | I66: 1 | L66: 3 | P66: 2
A67: 2540 | B67: 9 LIVES RESCUE | C67: 2159 BROOKWOOD DR. | D67: COLORADO SPRINGS | E67: CO | F67: 80918
A68: 2543 | B68: COLORADO SPRINGS ALL BREED RESCUE, INC | C68: 20 MOUNTAINVIEW LANE. STE C | D68: COLORADO SPRINGS | E68: CO | F68: 80907 | H68: 56 | I68: 1 | O68: 57 | P68: 79
A69: 2560 | B69: POODLE RESCUE OF THE ROCKIES, INC. | C69: 13221 W. DAKOTA AVE | D69: LAKEWOOD | E69: CO | F69: 80228 | G69: 2 | H69: 26 | I69: 0 | J69: 0 | K69: 1 | L69: 0 | M69: 0 | N69: 0 | O69: 29 | P69: 3
A70: 2565 | B70: DOBERMAN RESCUE OF COLORADO | C70: 3071 S. OGDEN ST | D70: ENGLEWOOD | E70: CO | F70: 80113 | G70: 0 | H70: 30 | I70: 4 | J70: 0 | K70: 0 | L70: 0 | M70: 0 | N70: 0 | O70: 34 | P70: 18
A71: 2597 | B71: W.O.L.F. | C71: 1693 SPRING VALLEY RD. | D71: BELLVUE | E71: CO | F71: 80512 | I71: 1 | L71: 1 | O71: 2 | P71: 28
A72: 2633 | B72: COLORADO GREYHOUND ADOPTION | C72: 6722 E EAGLE PLACE | D72: HIGHLANDS RANCH | E72: CO | F72: 80130 | H72: 154 | I72: 3 | K72: 5 | O72: 162 | P72: 15
A73: 2649 | B73: CLEARWATER DOG TRAINING & NIKENO'S SECOND CHANCES | C73: 5555 W. EVANS | D73: DENVER | E73: CO | F73: 80227 | H73: 58 | I73: 2 | J73: 1 | O73: 61 | P73: 8 | R73: 28 | Y73: 28 | Z73: 2 | AB73: 1 | AI73: 1 | AJ73: 0
A74: 2650 | B74: COLORADO REPTILE HUMANE SOCIETY | C74: 13941 ELMORE RD. | D74: LONGMONT | E74: CO | F74: 80504 | AK74: 3 | AL74: 98 | AM74: 20 | AN74: 0 | AO74: 70 | AP74: 0 | AQ74: 1 | AR74: 1 | AS74: 193 | AT74: 104
A75: 2652 | B75: CITY OF BRUSH ANIMAL SHELTER | C75: 20503 MCR 28 | D75: BRUSH | E75: CO | F75: 80723 | G75: 150 | H75: 5 | I75: 1 | J75: 1 | K75: 0 | L75: 72 | M75: 0 | N75: 1 | O75: 232 | P75: 2 | Q75: 7 | R75: 2 | S75: 56 | T75: 0 | U75: 0 | V75: 46 | W75: 0 | X75: 0 | Y75: 111 | Z75: 0
A76: 2659 | B76: COLORADO PUG RESCUE | C76: 59150 E. 74TH DR. | D76: STRASBURG | E76: CO | F76: 80136 | G76: 1 | H76: 88 | I76: 2 | J76: 0 | K76: 6 | L76: 0 | M76: 0 | N76: 0 | O76: 97 | P76: 58
A77: 2661 | B77: CITY OF YUMA ANIMAL SHELTER | C77: 102 N. BIRCH ST. | D77: YUMA | E77: CO | F77: 80759
A78: 2676 | B78: SUMMERLAND FARM ANIMAL SHELTER | C78: 2683 COUNTY RD. H-1 | D78: EGNAR | E78: CO | F78: 81325
A79: 2684 | B79: EAGLE COUNTY ANIMAL SERVICES | C79: 1400 FAIRGROUNDS RD | D79: EAGLE | E79: CO | F79: 81631 | G79: 342 | H79: 102 | I79: 37 | K79: 1 | L79: 12 | O79: 494 | P79: 19 | Q79: 37 | R79: 127 | S79: 29 | U79: 5 | V79: 8 | Y79: 206 | Z79: 26 | AA79: 37 | AB79: 127 | AC79: 29 | AE79: 5 | AF79: 8 | AI79: 206 | AJ79: 26 | AK79: 0 | AL79: 13 | AS79: 13
A80: 2699 | B80: CITY OF BURLINGTON ANIMAL SHELTER - I | C80: 415 15TH ST, P.O. BOX 423 | D80: BURLINGTON | E80: CO | F80: 80807 | G80: 64 | H80: 19 | I80: 10 | J80: 0 | K80: 0 | L80: 7 | M80: 0 | N80: 0 | O80: 100 | P80: 0
A81: 2702 | B81: Doggy Dog World Rescue | C81: 4550 S. Kipling St. #14 | D81: Lakewood | E81: CO | F81: 80127 | H81: 305 | I81: 0 | K81: 9 | P81: 0
A82: 2714 | B82: FLITESONG AVIARY | C82: 685 GREY EAGLE CIR. NORTH | D82: COLORADO SPRINGS | E82: CO | F82: 80919 | AY82: 5 | BC82: 5 | BD82: 74
A83: 2717 | B83: TOWN OF STRATTON ANIMAL SHELTER | C83: 880 4TH ST. | D83: STRATTON | E83: CO | F83: 80836
A84: 2729 | B84: CREATIVE ACRES, INC | C84: 13701 CAVANAUGH MILE RD. | D84: HUDSON | E84: CO | F84: 80642 | K84: 3 | P84: 8 | U84: 7 | Z84: 47 | AE84: 8 | AJ84: 16 | AT84: 4 | AY84: 2 | BD84: 6
A85: 2817 | B85: COUNTY OF BENT/CITY OF LAS ANIMAS | C85: 11200 COUNTY RD. GG.5 | D85: LAS ANIMAS | E85: CO | F85: 81054 | G85: 0 | H85: 2 | I85: 0 | J85: 0 | K85: 0 | L85: 32 | M85: 0 | N85: 0 | O85: 0 | P85: 2
A86: 2972 | B86: BICHON FRISE GET AWAY & RESCUE RANCH | C86: 1979 CARLSON RD. | D86: PARKER | E86: CO | F86: 80138
A87: 3027 | B87: CAVY CARE INC. | C87: 4343 S. JASPER ST. | D87: AURORA | E87: CO | F87: 80015 | G87: 0 | H87: 0 | I87: 0 | J87: 0 | K87: 0 | L87: 0 | M87: 0 | N87: 0 | O87: 0 | P87: 0 | Q87: 0 | R87: 0 | S87: 0 | T87: 0 | U87: 0 | V87: 0 | W87: 0 | X87: 0 | Y87: 0 | Z87: 0 | AA87: 0 | AB87: 166 | AC87: 0 | AD87: 0 | AE87: 9 | AF87: 0 | AG87: 0 | AH87: 0 | AI87: 0 | AJ87: 143 | AK87: 0 | AL87: 0 | AM87: 0 | AN87: 0 | AO87: 0 | AP87: 0 | AQ87: 0 | AR87: 0 | AS87: 0 | AT87: 0 | AU87: 0 | AV87: 0 | AW87: 0 | AX87: 0 | AY87: 0 | AZ87: 0 | BA87: 0 | BB87: 0 | BC87: 0 | BD87: 0
A88: 3088 | B88: VALLEY HUMANE LEAGUE, INC. | C88: 13993 ESTRELLA RD. | D88: ALAMOSA | E88: CO | F88: 81101 | G88: 14 | H88: 29 | I88: 4 | J88: 0 | K88: 1 | L88: 10 | M88: 0 | N88: 2 | O88: 60 | P88: 0 | Q88: 2 | R88: 6 | S88: 0 | T88: 0 | U88: 1 | V88: 0 | W88: 0 | X88: 0 | Y88: 9 | Z88: 0 | AA88: 0 | AB88: 0 | AC88: 0 | AD88: 0 | AE88: 0 | AF88: 0 | AG88: 0 | AH88: 0 | AI88: 0 | AJ88: 0 | AK88: 0 | AL88: 0 | AM88: 0 | AN88: 0 | AO88: 0 | AP88: 0 | AQ88: 0 | AR88: 0 | AS88: 0 | AT88: 0 | AU88: 0 | AV88: 0 | AW88: 0 | AX88: 0 | AY88: 0 | AZ88: 0 | BA88: 0 | BB88: 0 | BC88: 0 | BD88: 0
A89: 3096 | B89: TOWN OF LA VETA ANIMAL SHELTER | C89: 113 S. MAIN ST. | D89: LA VETA | E89: CO | F89: 81055 | G89: 4 | H89: 0 | I89: 0 | J89: 0 | K89: 0 | L89: 0 | M89: 0 | N89: 0 | O89: 4
A90: 3143 | B90: COLORADO ANIMAL RESCUE, INC. | C90: 2801 CO. RD. 114 | D90: GLENWOOD SPRINGS | E90: CO | F90: 81601 | G90: 156 | H90: 337 | I90: 12 | J90: 0 | K90: 1 | L90: 31 | M90: 1 | N90: 0 | O90: 538 | P90: 23 | Q90: 31 | R90: 429 | S90: 17 | T90: 0 | U90: 4 | V90: 76 | W90: 0 | X90: 1 | Y90: 558 | Z90: 46 | AA90: 0 | AB90: 7 | AC90: 2 | AD90: 0 | AE90: 0 | AF90: 12 | AG90: 0 | AH90: 0 | AI90: 21 | AJ90: 0 | AK90: 0 | AL90: 0 | AM90: 0 | AN90: 0 | AO90: 0 | AP90: 1 | AQ90: 0 | AR90: 0 | AS90: 1 | AT90: 0 | AU90: 0 | AV90: 1 | AW90: 0 | AX90: 0 | AY90: 0 | AZ90: 0 | BA90: 0 | BB90: 0 | BC90: 1 | BD90: 0
A91: 3148 | B91: HUMANE SOCIETY OF WELD COUNTY | C91: 1620 42ND ST. | D91: EVANS | E91: CO | F91: 80620 | G91: 921 | H91: 943 | I91: 557 | J91: 134 | K91: 14 | L91: 61 | M91: 0 | N91: 5 | O91: 2635 | P91: 110 | Q91: 60 | R91: 679 | S91: 433 | T91: 129 | U91: 40 | V91: 66 | W91: 0 | X91: 6 | Y91: 1413 | Z91: 124 | AA91: 0 | AB91: 11 | AC91: 1 | AD91: 3 | AE91: 0 | AF91: 16 | AG91: 0 | AH91: 0 | AI91: 31 | AJ91: 1 | AK91: 0 | AL91: 0 | AM91: 0 | AN91: 0 | AO91: 0 | AP91: 0 | AQ91: 0 | AR91: 0 | AS91: 0 | AT91: 0 | AU91: 1 | AV91: 3 | AW91: 0 | AX91: 0 | AY91: 0 | AZ91: 0 | BA91: 0 | BB91: 0 | BC91: 4 | BD91: 1
A92: 3166 | B92: RED HILL ANIMAL HEALTH CENTER | C92: 955 COWEN DRIVE | D92: CARBONDALE | E92: CO | F92: 81623 | G92: 37 | H92: 9 | I92: 2 | J92: 0 | K92: 0 | L92: 7 | M92: 0 | N92: 0 | O92: 55 | P92: 0
A93: 3183 | B93: TOWN OF EADS DOG SHELTER | C93: KIOWA COUNTY FAIRGROUNDS | D93: EADS | E93: CO | F93: 81036 | G93: 7 | H93: 5 | I93: 0 | J93: 0 | K93: 0 | L93: 0 | M93: 0 | N93: 0 | O93: 12 | P93: 0
A94: 3184 | B94: TOWN OF CHEYENNE WELLS | C94: 151 S. 1ST, P.O. BOX 125 | D94: CHEYENNE WELLS | E94: CO | F94: 80810
A95: 3185 | B95: TOWN OF SPRINGFIELD | C95: 1248 SANTA FE | D95: SPRINGFIELD | E95: CO | F95: 81073 | G95: 37 | H95: 5 | L95: 8 | O95: 50
A96: 3190 | B96: FLASH & THELMA MEMORIAL HEDGEHOG RESCUE, INC, THE | C96: 62 AZTEC CIR. | D96: DIVIDE | E96: CO | F96: 80814 | I96: 1 | K96: 20 | O96: 21 | P96: 39
A97: 3199 | B97: TOWN OF SILVERTON IMPOUNDMENT FACILITY | C97: 1450 GREENE STREET | D97: SILVERTON | E97: CO | F97: 81433
A98: 3208 | B98: TOWN OF WESTCLIFFE ANIMAL SHELTER | C98: 109 SO. 7TH | D98: WESTCLIFFE | E98: CO | F98: 81252 | G98: 17 | H98: 2 | I98: 0 | J98: 0 | K98: 0 | L98: 2 | M98: 0 | N98: 0 | O98: 21 | P98: 0
A99: 3211 | B99: TOWN OF DOVE CREEK | C99: 223 W. FIRST STREET | D99: DOVE CREEK | E99: CO | F99: 81324
A100: 3236 | B100: DELTA COUNTY HUMANE SOCIETY | C100: 537 MAIN ST. | D100: DELTA | E100: CO | F100: 81416 | G100: 3 | H100: 60 | I100: 0 | J100: 0 | K100: 0 | L100: 10 | M100: 0 | N100: 0 | O100: 75 | P100: 2 | Q100: 0 | R100: 29 | S100: 0 | T100: 0 | U100: 5 | V100: 0 | W100: 0 | X100: 0 | Y100: 34 | Z100: 48
...

Sheet Counts-Averages
A1: Intake | D1: Outflow
A2: Dogs | D2: Dogs
A3: Beg. Inventory | B3: =SUM(Intake!G283) -> 0 | D3: RTO | E3: =SUM(Outflow!G284) -> 0
A4: Stray | B4: =SUM(Intake!H283) -> 0 | D4: Adopt | E4: =SUM(Outflow!H284) -> 0
A5: Owner Surren./Adop. Ret. | B5: =SUM(Intake!I283) -> 0 | D5: Euth | E5: =SUM(Outflow!I284) -> 0
A6: Confiscate/Protec. Custody | B6: =SUM(Intake!J283) -> 0 | D6: DOA | E6: =SUM(Outflow!J284) -> 0
A7: Trans. In from In State | B7: =SUM(Intake!K283) -> 0 | D7: Died | E7: =SUM(Outflow!K284) -> 0
A8: Trans from Out of state | B8: =SUM(Intake!L283) -> 0 | D8: Trans. In State | E8: =SUM(Outflow!L284) -> 0
A9: Dogs Other | B9: =SUM(Intake!M283) -> 0 | D9: Trans. Out of State | E9: =SUM(Outflow!M284) -> 0
A10: Dogs Total Intake | B10: =SUM(Intake!N283) -> 0 | D10: Other (missing, stolen, etc) | E10: =SUM(Outflow!N284) -> 0
D11: Dogs Total Outcomes | E11: =SUM(Outflow!O284) -> 0
A12: Cats | D12: Dogs Ending Inventory | E12: =SUM(Outflow!P284) -> 0
A13: Beg. Inventory | B13: =SUM(Intake!O283) -> 0
A14: Stray | B14: =SUM(Intake!P283) -> 0 | D14: Cats
A15: Owner Surren./Adop. Ret. | B15: =SUM(Intake!Q283) -> 0 | D15: RTO | E15: =SUM(Outflow!Q284) -> 0
A16: Confiscate/Protec. Custody | B16: =SUM(Intake!R283) -> 0 | D16: Adopt | E16: =SUM(Outflow!R284) -> 0
A17: Trans. In from In State | B17: =SUM(Intake!S283) -> 0 | D17: Euth | E17: =SUM(Outflow!S284) -> 0
A18: Trans from Out of state | B18: =SUM(Intake!T283) -> 0 | D18: DOA | E18: =SUM(Outflow!T284) -> 0
A19: Cats Other | B19: =SUM(Intake!U283) -> 0 | D19: Died | E19: =SUM(Outflow!U284) -> 0
A20: Cats Total Intake | B20: =SUM(Intake!V283) -> 0 | D20: Trans. In State | E20: =SUM(Outflow!V284) -> 0
D21: Trans. Out of State | E21: =SUM(Outflow!W284) -> 0
A22: Small Mammals | D22: Other (missing, stolen, etc) | E22: =SUM(Outflow!X284) -> 0
A23: Beg. Inventory | B23: =SUM(Intake!W283) -> 0 | D23: Cats Total Outcomes | E23: =SUM(Outflow!Y284) -> 0
A24: Stray | B24: =SUM(Intake!X283) -> 0 | D24: Cats Ending Inventory | E24: =SUM(Outflow!Z284) -> 0
A25: Owner Surren./Adop. Ret. | B25: =SUM(Intake!Y283) -> 0
A26: Confiscate/Protec. Custody | B26: =SUM(Intake!Z283) -> 0 | D26: Small Mammals
A27: Trans. In from In State | B27: =SUM(Intake!AA283) -> 0 | D27: RTO | E27: =SUM(Outflow!AA284) -> 0
A28: Trans from Out of state | B28: =SUM(Intake!AB283) -> 0 | D28: Adopt | E28: =SUM(Outflow!AB284) -> 0
A29: Small Mammals Other | B29: =SUM(Intake!AC283) -> 0 | D29: Euth | E29: =SUM(Outflow!AC284) -> 0
A30: Small Mammals Total | B30: =SUM(Intake!AD283) -> 0 | D30: DOA | E30: =SUM(Outflow!AD284) -> 0
D31: Died | E31: =SUM(Outflow!AE284) -> 0
A32: Reptiles | D32: Trans. In State | E32: =SUM(Outflow!AF284) -> 0
A33: Beg. Inventory | B33: =SUM(Intake!AE283) -> 0 | D33: Trans. Out of State | E33: =SUM(Outflow!AG284) -> 0
A34: Stray | B34: =SUM(Intake!AF283) -> 0 | D34: Other (missing, stolen, etc) | E34: =SUM(Outflow!AH284) -> 0
A35: Owner Surren./Adop. Ret. | B35: =SUM(Intake!AG283) -> 0 | D35: Sm. Mammals Total Outcome | E35: =SUM(Outflow!AI284) -> 0
A36: Confiscate/Protec. Custody | B36: =SUM(Intake!AH283) -> 0 | D36: Sm. Mammals Ending Inven. | E36: =SUM(Outflow!AJ284) -> 0
A37: Trans. In from In State | B37: =SUM(Intake!AI283) -> 0
A38: Trans from Out of state | B38: =SUM(Intake!AJ283) -> 0 | D38: Reptiles
A39: Reptiles Other | B39: =SUM(Intake!AK283) -> 0 | D39: RTO | E39: =SUM(Outflow!AK284) -> 0
A40: Reptiles Total Intake | B40: =SUM(Intake!AL283) -> 0 | D40: Adopt | E40: =SUM(Outflow!AL284) -> 0
D41: Euth | E41: =SUM(Outflow!AM284) -> 0
A42: Pet Birds | D42: DOA | E42: =SUM(Outflow!AN284) -> 0
A43: Beg. Inventory | B43: =SUM(Intake!AM283) -> 0 | D43: Died | E43: =SUM(Outflow!AO284) -> 0
A44: Stray | B44: =SUM(Intake!AN283) -> 0 | D44: Trans. In State | E44: =SUM(Outflow!AP284) -> 0
A45: Owner Surren./Adop. Ret. | B45: =SUM(Intake!AO283) -> 0 | D45: Trans. Out of State | E45: =SUM(Outflow!AQ284) -> 0
A46: Confiscate/Protec. Custody | B46: =SUM(Intake!AP283) -> 0 | D46: Other (missing, stolen, etc) | E46: =SUM(Outflow!AR284) -> 0
A47: Trans. In from In State | B47: =SUM(Intake!AQ283) -> 0 | D47: Reptiles Total Outcome | E47: =SUM(Outflow!AS284) -> 0
A48: Trans from Out of state | B48: =SUM(Intake!AR283) -> 0 | D48: Reptiles Ending Inventory | E48: =SUM(Outflow!AT284) -> 0
A49: Pet Birds Other | B49: =SUM(Intake!AS283) -> 0
A50: Pet Birds Total Intake | B50: =SUM(Intake!AT283) -> 0 | D50: Pet Birds
D51: RTO | E51: =SUM(Outflow!AU284) -> 0
D52: Adopt | E52: =SUM(Outflow!AV284) -> 0
D53: Euth | E53: =SUM(Outflow!AW284) -> 0
D54: DOA | E54: =SUM(Outflow!AX284) -> 0
D55: Died | E55: =SUM(Outflow!AY284) -> 0
D56: Trans. In State | E56: =SUM(Outflow!AZ284) -> 0
D57: Trans. Out of State | E57: =SUM(Outflow!BA284) -> 0
D58: Other (missing, stolen, etc) | E58: =SUM(Outflow!BB284) -> 0
D59: Pet Birds Total Outcome | E59: =SUM(Outflow!BC284) -> 0
D60: Pet Birds Ending Inventory | E60: =SUM(Outflow!BD284) -> 0
